<?xml version="1.0" encoding="UTF-8"?>
<!--
 ~  Copyright (c) 2016, WSO2 Inc. (http://www.wso2.org) All Rights Reserved.
 ~
 ~  WSO2 Inc. licenses this file to you under the Apache License,
 ~  Version 2.0 (the "License"); you may not use this file except
 ~  in compliance with the License.
 ~  You may obtain a copy of the License at
 ~
 ~    http://www.apache.org/licenses/LICENSE-2.0
 ~
 ~  Unless required by applicable law or agreed to in writing,
 ~  software distributed under the License is distributed on an
 ~  "AS IS" BASIS, WITHOUT WARRANTIES OR CONDITIONS OF ANY
 ~  KIND, either express or implied.  See the License for the
 ~  specific language governing permissions and limitations
 ~  under the License.
-->
<component name="redmine-timeEntries" type="synapse/template">
    <subComponents>
        <component name="listTimeEntries">
            <file>listTimeEntries.xml</file>
            <description>Gets a list of time entries.</description>
        </component>
        <component name="getTimeEntry">
            <file>getTimeEntry.xml</file>
            <description>Gets a single time entry specified by an ID.</description>
        </component>
        <component name="createTimeEntry">
            <file>createTimeEntry.xml</file>
            <description>Creates a new time entry.</description>
        </component>
        <component name="updateTimeEntry">
            <file>updateTimeEntry.xml</file>
            <description>Updates an existing time entry.</description>
        </component>
        <component name="deleteTimeEntry">
            <file>deleteTimeEntry.xml</file>
            <description>Deletes an existing time entry.</description>
        </component>
    </subComponents>
</component>