<?xml version="1.0" encoding="UTF-8"?>
<!--
 ~  Copyright (c) 2016, WSO2 Inc. (http://www.wso2.org) All Rights Reserved.
 ~
 ~  WSO2 Inc. licenses this file to you under the Apache License,
 ~  Version 2.0 (the "License"); you may not use this file except
 ~  in compliance with the License.
 ~  You may obtain a copy of the License at
 ~
 ~    http://www.apache.org/licenses/LICENSE-2.0
 ~
 ~  Unless required by applicable law or agreed to in writing,
 ~  software distributed under the License is distributed on an
 ~  "AS IS" BASIS, WITHOUT WARRANTIES OR CONDITIONS OF ANY
 ~  KIND, either express or implied.  See the License for the
 ~  specific language governing permissions and limitations
 ~  under the License.
-->
<component name="redmine-versions" type="synapse/template">
    <subComponents>
        <component name="createVersion">
            <file>createVersion.xml</file>
            <description>Add version to project</description>
        </component>
        <component name="getVersions">
            <file>getVersions.xml</file>
            <description>List versions of the product.</description>
        </component>
        <component name="getVersion">
            <file>getVersion.xml</file>
            <description>Get version by Id</description>
        </component>
        <component name="deleteVersion">
            <file>deleteVersion.xml</file>
            <description>Delete version by Id</description>
        </component>
    </subComponents>
</component>
