<?xml version="1.0" encoding="UTF-8"?>
<!--
 ~  Copyright (c) 2016, WSO2 Inc. (http://www.wso2.org) All Rights Reserved.
 ~
 ~  WSO2 Inc. licenses this file to you under the Apache License,
 ~  Version 2.0 (the "License"); you may not use this file except
 ~  in compliance with the License.
 ~  You may obtain a copy of the License at
 ~
 ~    http://www.apache.org/licenses/LICENSE-2.0
 ~
 ~  Unless required by applicable law or agreed to in writing,
 ~  software distributed under the License is distributed on an
 ~  "AS IS" BASIS, WITHOUT WARRANTIES OR CONDITIONS OF ANY
 ~  KIND, either express or implied.  See the License for the
 ~  specific language governing permissions and limitations
 ~  under the License.
-->
<template name="init" xmlns="http://ws.apache.org/ns/synapse">
    <parameter name="apiKey" description="The generated API Key for user."/>
    <parameter name="apiUrl" description="API Url for Redmine REST"/>
    <parameter name="username" description="Username for Redmine REST"/>
    <parameter name="password" description="Password for Redmine REST"/>
    <parameter name="responseType" description="The format of the response, xml or json"/>
    <sequence>
        <filter xpath="$func:apiKey">
            <then>
                <property name="uri.var.apiKey" expression="$func:apiKey"/>
                <header name="X-Redmine-API-Key" expression="get-property('uri.var.apiKey')" scope="transport"/>
            </then>
        </filter>
        <filter xpath="$func:username">
            <then>
                <property name="redmine.username" expression="$func:username"/>
                <property name="redmine.password" expression="$func:password"/>
                <property name="redmine.for.auth"
                          expression="fn:concat($ctx:redmine.username,':',$ctx:redmine.password)"/>
                <property name="Authorization"
                          expression="fn:concat('Basic ', base64Encode($ctx:redmine.for.auth))"
                          scope="transport"/>
            </then>
        </filter>
        <property name="uri.var.apiUrl" expression="$func:apiUrl"/>
        <property name="uri.var.responseType" expression="$func:responseType"/>
        <property name="DISABLE_CHUNKING" value="true" scope="axis2"/>
    </sequence>
</template>