<?xml version="1.0" encoding="UTF-8"?>
<!--
 ~  Copyright (c) 2016, WSO2 Inc. (http://www.wso2.org) All Rights Reserved.
 ~
 ~  WSO2 Inc. licenses this file to you under the Apache License,
 ~  Version 2.0 (the "License"); you may not use this file except
 ~  in compliance with the License.
 ~  You may obtain a copy of the License at
 ~
 ~    http://www.apache.org/licenses/LICENSE-2.0
 ~
 ~  Unless required by applicable law or agreed to in writing,
 ~  software distributed under the License is distributed on an
 ~  "AS IS" BASIS, WITHOUT WARRANTIES OR CONDITIONS OF ANY
 ~  KIND, either express or implied.  See the License for the
 ~  specific language governing permissions and limitations
 ~  under the License.
-->
<connector>
    <component name="redmine" package="org.wso2.carbon.connector">
        <dependency component="redmine-config"/>
        <dependency component="redmine-attachments"/>
        <dependency component="redmine-issues"/>
        <dependency component="redmine-projects"/>
        <dependency component="redmine-timeEntries"/>
        <dependency component="redmine-users"/>
        <dependency component="redmine-projectMemberships"/>
        <dependency component="redmine-issueCategories"/>
        <dependency component="redmine-versions"/>
        <dependency component="redmine-trackers"/>
        <dependency component="redmine-groups"/>
        <dependency component="redmine-customFields"/>
        <dependency component="redmine-account"/>
        <dependency component="redmine-enumerations"/>
        <dependency component="redmine-issueStatuses"/>
        <description>WSO2 Connector for Redmine</description>
    </component>
    <icon>icon/icon-small.gif</icon>
</connector>
