<?xml version="1.0" encoding="UTF-8"?>
<!--
 ~  Copyright (c) 2016, WSO2 Inc. (http://www.wso2.org) All Rights Reserved.
 ~
 ~  WSO2 Inc. licenses this file to you under the Apache License,
 ~  Version 2.0 (the "License"); you may not use this file except
 ~  in compliance with the License.
 ~  You may obtain a copy of the License at
 ~
 ~    http://www.apache.org/licenses/LICENSE-2.0
 ~
 ~  Unless required by applicable law or agreed to in writing,
 ~  software distributed under the License is distributed on an
 ~  "AS IS" BASIS, WITHOUT WARRANTIES OR CONDITIONS OF ANY
 ~  KIND, either express or implied.  See the License for the
 ~  specific language governing permissions and limitations
 ~  under the License.
-->
<component name="redmine-users" type="synapse/template">
    <subComponents>
        <component name="listUsers">
            <file>listUsers.xml</file>
            <description>Lists existing users.</description>
        </component>
        <component name="createUser">
            <file>createUser.xml</file>
            <description>Creates a new user.</description>
        </component>
        <component name="getUser">
            <file>getUser.xml</file>
            <description>Gets details of the current user or the user specified by ID.</description>
        </component>
        <component name="updateUser">
            <file>updateUser.xml</file>
            <description>Updates details of a single user specified by an ID.</description>
        </component>
        <component name="deleteUser">
            <file>deleteUser.xml</file>
            <description>Deletes a single user.</description>
        </component>
    </subComponents>
</component>