<?xml version="1.0" encoding="UTF-8"?>
<!--
 ~  Copyright (c) 2016, WSO2 Inc. (http://www.wso2.org) All Rights Reserved.
 ~
 ~  WSO2 Inc. licenses this file to you under the Apache License,
 ~  Version 2.0 (the "License"); you may not use this file except
 ~  in compliance with the License.
 ~  You may obtain a copy of the License at
 ~
 ~    http://www.apache.org/licenses/LICENSE-2.0
 ~
 ~  Unless required by applicable law or agreed to in writing,
 ~  software distributed under the License is distributed on an
 ~  "AS IS" BASIS, WITHOUT WARRANTIES OR CONDITIONS OF ANY
 ~  KIND, either express or implied.  See the License for the
 ~  specific language governing permissions and limitations
 ~  under the License.
-->
<template name="updateUser" xmlns="http://ws.apache.org/ns/synapse">
    <parameter name="userId" description="The userId of the user to be updated."/>
    <parameter name="login" description="The username for the user."/>
    <parameter name="password" description="Password for the user."/>
    <parameter name="firstname" description="The firstname of the user"/>
    <parameter name="lastname" description="The lastname of the user"/>
    <parameter name="mail" description="The e-mail address of the user."/>
    <parameter name="authSourceId" description="The authentication mode id"/>
    <sequence>
        <property name="uri.var.userId" expression="$func:userId"/>
        <property name="uri.var.login" expression="$func:login"/>
        <property name="uri.var.password" expression="$func:password"/>
        <property name="uri.var.firstname" expression="$func:firstname"/>
        <property name="uri.var.lastname" expression="$func:lastname"/>
        <property name="uri.var.mail" expression="$func:mail"/>
        <property name="uri.var.authSourceId" expression="$func:authSourceId"/>
        <payloadFactory media-type="json">
            <format>
                {
                "user": {
                "login": "$1",
                "firstname": "$2",
                "lastname": "$3",
                "mail": "$4",
                "password": "$5",
                "auth_source_id":"$6"
                }
                }
            </format>
            <args>
                <arg expression="get-property('uri.var.login')"/>
                <arg expression="get-property('uri.var.firstname')"/>
                <arg expression="get-property('uri.var.lastname')"/>
                <arg expression="get-property('uri.var.mail')"/>
                <arg expression="get-property('uri.var.password')"/>
                <arg expression="get-property('uri.var.authSourceId')"/>
            </args>
        </payloadFactory>
        <property name="messageType" value="application/json" scope="axis2"/>
        <call>
            <endpoint>
                <http method="put" uri-template="{+uri.var.apiUrl}/users/{+uri.var.userId}.{+uri.var.responseType}"/>
            </endpoint>
        </call>
        <!-- Remove response custom header information -->
        <header name="X-Runtime" scope="transport" action="remove"/>
        <header name="ETag" scope="transport" action="remove"/>
        <header name="Via" scope="transport" action="remove"/>
        <header name="X-UA-Compatible" scope="transport" action="remove"/>
        <header name="Set-Cookie" scope="transport" action="remove"/>
        <header name="X-Request-Id" scope="transport" action="remove"/>
        <header name="X-Rack-Cache" scope="transport" action="remove"/>
    </sequence>
</template>