<?xml version="1.0" encoding="UTF-8"?>
<!--
 ~  Copyright (c) 2016, WSO2 Inc. (http://www.wso2.org) All Rights Reserved.
 ~
 ~  WSO2 Inc. licenses this file to you under the Apache License,
 ~  Version 2.0 (the "License"); you may not use this file except
 ~  in compliance with the License.
 ~  You may obtain a copy of the License at
 ~
 ~    http://www.apache.org/licenses/LICENSE-2.0
 ~
 ~  Unless required by applicable law or agreed to in writing,
 ~  software distributed under the License is distributed on an
 ~  "AS IS" BASIS, WITHOUT WARRANTIES OR CONDITIONS OF ANY
 ~  KIND, either express or implied.  See the License for the
 ~  specific language governing permissions and limitations
 ~  under the License.
-->
<template name="addProjectMember" xmlns="http://ws.apache.org/ns/synapse">
    <parameter name="projectId" description="Identity of the project."/>
    <parameter name="userId" description="The identity of the user to add him as a member of the selected project."/>
    <parameter name="roleIds" description="The identities of roles to assign the member."/>
    <sequence>
        <property name="uri.var.projectId" expression="$func:projectId"/>
        <property name="uri.var.userId" expression="$func:userId"/>
        <property name="uri.var.roleIds" expression="$func:roleIds"/>
        <payloadFactory media-type="json">
            <format>
                {
                "membership":
                {
                "user_id": $1,
                "role_ids": $2
                }
                }
            </format>
            <args>
                <arg expression="get-property('uri.var.userId')"/>
                <arg expression="get-property('uri.var.roleIds')"/>
            </args>
        </payloadFactory>
        <header name="Content-Type" value="application/json" scope="transport"/>
        <call>
            <endpoint>
                <http method="post"
                      uri-template="{+uri.var.apiUrl}/projects/{+uri.var.projectId}/memberships.{+uri.var.responseType}"/>
            </endpoint>
        </call>
        <!-- Remove response custom header information -->
        <header name="X-Runtime" scope="transport" action="remove"/>
        <header name="ETag" scope="transport" action="remove"/>
        <header name="X-UA-Compatible" scope="transport" action="remove"/>
        <header name="Via" scope="transport" action="remove"/>
        <header name="X-Request-Id" scope="transport" action="remove"/>
        <header name="X-Rack-Cache" scope="transport" action="remove"/>
        <header name="Set-Cookie" scope="transport" action="remove"/>
    </sequence>
</template>