<?xml version="1.0" encoding="UTF-8"?>
<!--
 ~  Copyright (c) 2016, WSO2 Inc. (http://www.wso2.org) All Rights Reserved.
 ~
 ~  WSO2 Inc. licenses this file to you under the Apache License,
 ~  Version 2.0 (the "License"); you may not use this file except
 ~  in compliance with the License.
 ~  You may obtain a copy of the License at
 ~
 ~    http://www.apache.org/licenses/LICENSE-2.0
 ~
 ~  Unless required by applicable law or agreed to in writing,
 ~  software distributed under the License is distributed on an
 ~  "AS IS" BASIS, WITHOUT WARRANTIES OR CONDITIONS OF ANY
 ~  KIND, either express or implied.  See the License for the
 ~  specific language governing permissions and limitations
 ~  under the License.
-->
<component name="redmine-issueCategories" type="synapse/template">
    <subComponents>
        <component name="getIssueCategories">
            <file>getIssueCategories.xml</file>
            <description>Returns a list of issue categories.</description>
        </component>
        <component name="getIssueCategoryById">
            <file>getIssueCategoryById.xml</file>
            <description>Returns a particular issue category.</description>
        </component>
        <component name="createIssueCategory">
            <file>createIssueCategory.xml</file>
            <description>Creatss a new issue category.</description>
        </component>
        <component name="updateIssueCategory">
            <file>updateIssueCategory.xml</file>
            <description>Updates an issue category.</description>
        </component>
        <component name="deleteIssueCategory">
            <file>deleteIssueCategory.xml</file>
            <description>Deletes an issue category.</description>
        </component>
    </subComponents>
</component>